theme,question,reponse,n
Le Président de la République et le Gouvernement,1. Faut-il revenir sur le principe de l’élection du Président de la République au suffrage universel direct ?,Pas du tout d'accord (1),2483
Le Président de la République et le Gouvernement,1. Faut-il revenir sur le principe de l’élection du Président de la République au suffrage universel direct ?,2,375
Le Président de la République et le Gouvernement,1. Faut-il revenir sur le principe de l’élection du Président de la République au suffrage universel direct ?,3,231
Le Président de la République et le Gouvernement,1. Faut-il revenir sur le principe de l’élection du Président de la République au suffrage universel direct ?,4,299
Le Président de la République et le Gouvernement,1. Faut-il revenir sur le principe de l’élection du Président de la République au suffrage universel direct ?,Tout à fait d'accord (5),869
Le Président de la République et le Gouvernement,2. Faut-il revoir le rôle du Président de la République ?,Pas du tout d'accord (1),688
Le Président de la République et le Gouvernement,2. Faut-il revoir le rôle du Président de la République ?,2,396
Le Président de la République et le Gouvernement,2. Faut-il revoir le rôle du Président de la République ?,3,559
Le Président de la République et le Gouvernement,2. Faut-il revoir le rôle du Président de la République ?,4,908
Le Président de la République et le Gouvernement,2. Faut-il revoir le rôle du Président de la République ?,Tout à fait d'accord (5),1708
Le Président de la République et le Gouvernement,"3. Dans l'affirmative, faut-il revenir à la conception du Président-arbitre de 1958",Pas du tout d'accord (1),1030
Le Président de la République et le Gouvernement,"3. Dans l'affirmative, faut-il revenir à la conception du Président-arbitre de 1958",2,517
Le Président de la République et le Gouvernement,"3. Dans l'affirmative, faut-il revenir à la conception du Président-arbitre de 1958",3,875
Le Président de la République et le Gouvernement,"3. Dans l'affirmative, faut-il revenir à la conception du Président-arbitre de 1958",4,705
Le Président de la République et le Gouvernement,"3. Dans l'affirmative, faut-il revenir à la conception du Président-arbitre de 1958",Tout à fait d'accord (5),955
Le Président de la République et le Gouvernement,"4. Faut-il réorienter le Président de la République vers « les enjeux du long-terme », en limitant ses pouvoirs et en le transformant en « garant des valeurs de la nation » ?",Pas du tout d'accord (1),745
Le Président de la République et le Gouvernement,"4. Faut-il réorienter le Président de la République vers « les enjeux du long-terme », en limitant ses pouvoirs et en le transformant en « garant des valeurs de la nation » ?",2,384
Le Président de la République et le Gouvernement,"4. Faut-il réorienter le Président de la République vers « les enjeux du long-terme », en limitant ses pouvoirs et en le transformant en « garant des valeurs de la nation » ?",3,482
Le Président de la République et le Gouvernement,"4. Faut-il réorienter le Président de la République vers « les enjeux du long-terme », en limitant ses pouvoirs et en le transformant en « garant des valeurs de la nation » ?",4,983
Le Président de la République et le Gouvernement,"4. Faut-il réorienter le Président de la République vers « les enjeux du long-terme », en limitant ses pouvoirs et en le transformant en « garant des valeurs de la nation » ?",Tout à fait d'accord (5),1651
Le Président de la République et le Gouvernement,5. Le Président de la République doit-il conserver un « domaine réservé » en matière de politique étrangère et de défense nationale ?,Pas du tout d'accord (1),777
Le Président de la République et le Gouvernement,5. Le Président de la République doit-il conserver un « domaine réservé » en matière de politique étrangère et de défense nationale ?,2,467
Le Président de la République et le Gouvernement,5. Le Président de la République doit-il conserver un « domaine réservé » en matière de politique étrangère et de défense nationale ?,3,553
Le Président de la République et le Gouvernement,5. Le Président de la République doit-il conserver un « domaine réservé » en matière de politique étrangère et de défense nationale ?,4,903
Le Président de la République et le Gouvernement,5. Le Président de la République doit-il conserver un « domaine réservé » en matière de politique étrangère et de défense nationale ?,Tout à fait d'accord (5),1556
Le Président de la République et le Gouvernement,6. Faut-il que le Président de la République soit tenu de désigner à la tête du Gouvernement celui qui a mené la campagne législative au nom du parti devenu majoritaire à l’Assemblée nationale ?,Pas du tout d'accord (1),1343
Le Président de la République et le Gouvernement,6. Faut-il que le Président de la République soit tenu de désigner à la tête du Gouvernement celui qui a mené la campagne législative au nom du parti devenu majoritaire à l’Assemblée nationale ?,2,602
Le Président de la République et le Gouvernement,6. Faut-il que le Président de la République soit tenu de désigner à la tête du Gouvernement celui qui a mené la campagne législative au nom du parti devenu majoritaire à l’Assemblée nationale ?,3,615
Le Président de la République et le Gouvernement,6. Faut-il que le Président de la République soit tenu de désigner à la tête du Gouvernement celui qui a mené la campagne législative au nom du parti devenu majoritaire à l’Assemblée nationale ?,4,687
Le Président de la République et le Gouvernement,6. Faut-il que le Président de la République soit tenu de désigner à la tête du Gouvernement celui qui a mené la campagne législative au nom du parti devenu majoritaire à l’Assemblée nationale ?,Tout à fait d'accord (5),996
Le Président de la République et le Gouvernement,7. Faut-il prévoir que le Gouvernement « n’est responsable que devant le Parlement » et qu’ainsi le Président de la République ne peut exiger la démission du Premier ministre et de son gouvernement ?,Pas du tout d'accord (1),1477
Le Président de la République et le Gouvernement,7. Faut-il prévoir que le Gouvernement « n’est responsable que devant le Parlement » et qu’ainsi le Président de la République ne peut exiger la démission du Premier ministre et de son gouvernement ?,2,611
Le Président de la République et le Gouvernement,7. Faut-il prévoir que le Gouvernement « n’est responsable que devant le Parlement » et qu’ainsi le Président de la République ne peut exiger la démission du Premier ministre et de son gouvernement ?,3,568
Le Président de la République et le Gouvernement,7. Faut-il prévoir que le Gouvernement « n’est responsable que devant le Parlement » et qu’ainsi le Président de la République ne peut exiger la démission du Premier ministre et de son gouvernement ?,4,630
Le Président de la République et le Gouvernement,7. Faut-il prévoir que le Gouvernement « n’est responsable que devant le Parlement » et qu’ainsi le Président de la République ne peut exiger la démission du Premier ministre et de son gouvernement ?,Tout à fait d'accord (5),936
Le Président de la République et le Gouvernement,8. Faut-il supprimer la règle de la présidence du conseil des ministres par le Président de la République et que celui-ci soit à l’avenir présidé par le Premier ministre ?,Pas du tout d'accord (1),1320
Le Président de la République et le Gouvernement,8. Faut-il supprimer la règle de la présidence du conseil des ministres par le Président de la République et que celui-ci soit à l’avenir présidé par le Premier ministre ?,2,546
Le Président de la République et le Gouvernement,8. Faut-il supprimer la règle de la présidence du conseil des ministres par le Président de la République et que celui-ci soit à l’avenir présidé par le Premier ministre ?,3,680
Le Président de la République et le Gouvernement,8. Faut-il supprimer la règle de la présidence du conseil des ministres par le Président de la République et que celui-ci soit à l’avenir présidé par le Premier ministre ?,4,712
Le Président de la République et le Gouvernement,8. Faut-il supprimer la règle de la présidence du conseil des ministres par le Président de la République et que celui-ci soit à l’avenir présidé par le Premier ministre ?,Tout à fait d'accord (5),964
Le Président de la République et le Gouvernement,"9. Faut-il confier le pouvoir de dissolution de l’Assemblée nationale au Premier ministre, et non plus au Président de la République ?",Pas du tout d'accord (1),2121
Le Président de la République et le Gouvernement,"9. Faut-il confier le pouvoir de dissolution de l’Assemblée nationale au Premier ministre, et non plus au Président de la République ?",2,582
Le Président de la République et le Gouvernement,"9. Faut-il confier le pouvoir de dissolution de l’Assemblée nationale au Premier ministre, et non plus au Président de la République ?",3,702
Le Président de la République et le Gouvernement,"9. Faut-il confier le pouvoir de dissolution de l’Assemblée nationale au Premier ministre, et non plus au Président de la République ?",4,386
Le Président de la République et le Gouvernement,"9. Faut-il confier le pouvoir de dissolution de l’Assemblée nationale au Premier ministre, et non plus au Président de la République ?",Tout à fait d'accord (5),461
Le Président de la République et le Gouvernement,"10. Faut-il, à l’inverse, supprimer le poste de Premier ministre et faire du Président de la République le chef unique de l’exécutif ?",Pas du tout d'accord (1),2511
Le Président de la République et le Gouvernement,"10. Faut-il, à l’inverse, supprimer le poste de Premier ministre et faire du Président de la République le chef unique de l’exécutif ?",2,539
Le Président de la République et le Gouvernement,"10. Faut-il, à l’inverse, supprimer le poste de Premier ministre et faire du Président de la République le chef unique de l’exécutif ?",3,328
Le Président de la République et le Gouvernement,"10. Faut-il, à l’inverse, supprimer le poste de Premier ministre et faire du Président de la République le chef unique de l’exécutif ?",4,278
Le Président de la République et le Gouvernement,"10. Faut-il, à l’inverse, supprimer le poste de Premier ministre et faire du Président de la République le chef unique de l’exécutif ?",Tout à fait d'accord (5),579
Le Président de la République et le Gouvernement,11. Quelle doit être la durée du mandat du Président de la République ?,4 ans,494
Le Président de la République et le Gouvernement,11. Quelle doit être la durée du mandat du Président de la République ?,5 ans,1127
Le Président de la République et le Gouvernement,11. Quelle doit être la durée du mandat du Président de la République ?,6 ans,683
Le Président de la République et le Gouvernement,11. Quelle doit être la durée du mandat du Président de la République ?,7 ans,2095
Le Président de la République et le Gouvernement,12. Le mandat du Président de la République doit-il être non-renouvelable ?,Pas du tout d'accord (1),1116
Le Président de la République et le Gouvernement,12. Le mandat du Président de la République doit-il être non-renouvelable ?,2,497
Le Président de la République et le Gouvernement,12. Le mandat du Président de la République doit-il être non-renouvelable ?,3,334
Le Président de la République et le Gouvernement,12. Le mandat du Président de la République doit-il être non-renouvelable ?,4,400
Le Président de la République et le Gouvernement,12. Le mandat du Président de la République doit-il être non-renouvelable ?,Tout à fait d'accord (5),1925
Le législatif et l'exécutif,1. Faut-il renforcer le poids du Parlement ?,Pas du tout d'accord (1),176
Le législatif et l'exécutif,1. Faut-il renforcer le poids du Parlement ?,2,135
Le législatif et l'exécutif,1. Faut-il renforcer le poids du Parlement ?,3,223
Le législatif et l'exécutif,1. Faut-il renforcer le poids du Parlement ?,4,423
Le législatif et l'exécutif,1. Faut-il renforcer le poids du Parlement ?,Tout à fait d'accord (5),618
Le législatif et l'exécutif,"2. En cas de maintien du quinquennat, faut-il inverser le calendrier électoral afin que les élections législatives aient lieu avant l’élection présidentielle ?",Pas du tout d'accord (1),378
Le législatif et l'exécutif,"2. En cas de maintien du quinquennat, faut-il inverser le calendrier électoral afin que les élections législatives aient lieu avant l’élection présidentielle ?",2,137
Le législatif et l'exécutif,"2. En cas de maintien du quinquennat, faut-il inverser le calendrier électoral afin que les élections législatives aient lieu avant l’élection présidentielle ?",3,281
Le législatif et l'exécutif,"2. En cas de maintien du quinquennat, faut-il inverser le calendrier électoral afin que les élections législatives aient lieu avant l’élection présidentielle ?",4,276
Le législatif et l'exécutif,"2. En cas de maintien du quinquennat, faut-il inverser le calendrier électoral afin que les élections législatives aient lieu avant l’élection présidentielle ?",Tout à fait d'accord (5),499
Le législatif et l'exécutif,3. Faut-il que les membres du Gouvernement soient choisis parmi les membres du Parlement afin de « faire contrepoids à l’hyperprésidence » ?,Pas du tout d'accord (1),485
Le législatif et l'exécutif,3. Faut-il que les membres du Gouvernement soient choisis parmi les membres du Parlement afin de « faire contrepoids à l’hyperprésidence » ?,2,277
Le législatif et l'exécutif,3. Faut-il que les membres du Gouvernement soient choisis parmi les membres du Parlement afin de « faire contrepoids à l’hyperprésidence » ?,3,268
Le législatif et l'exécutif,3. Faut-il que les membres du Gouvernement soient choisis parmi les membres du Parlement afin de « faire contrepoids à l’hyperprésidence » ?,4,278
Le législatif et l'exécutif,3. Faut-il que les membres du Gouvernement soient choisis parmi les membres du Parlement afin de « faire contrepoids à l’hyperprésidence » ?,Tout à fait d'accord (5),260
Le législatif et l'exécutif,4. Faut-il rendre compatibles les fonctions de membre du Gouvernement avec l’exercice du mandat parlementaire ?,Pas du tout d'accord (1),919
Le législatif et l'exécutif,4. Faut-il rendre compatibles les fonctions de membre du Gouvernement avec l’exercice du mandat parlementaire ?,2,190
Le législatif et l'exécutif,4. Faut-il rendre compatibles les fonctions de membre du Gouvernement avec l’exercice du mandat parlementaire ?,3,187
Le législatif et l'exécutif,4. Faut-il rendre compatibles les fonctions de membre du Gouvernement avec l’exercice du mandat parlementaire ?,4,142
Le législatif et l'exécutif,4. Faut-il rendre compatibles les fonctions de membre du Gouvernement avec l’exercice du mandat parlementaire ?,Tout à fait d'accord (5),135
Le législatif et l'exécutif,5. Faut-il mettre en place un système inspiré des « parliamentary private secretaries » britanniques ?,Pas du tout d'accord (1),323
Le législatif et l'exécutif,5. Faut-il mettre en place un système inspiré des « parliamentary private secretaries » britanniques ?,2,120
Le législatif et l'exécutif,5. Faut-il mettre en place un système inspiré des « parliamentary private secretaries » britanniques ?,3,779
Le législatif et l'exécutif,5. Faut-il mettre en place un système inspiré des « parliamentary private secretaries » britanniques ?,4,154
Le législatif et l'exécutif,5. Faut-il mettre en place un système inspiré des « parliamentary private secretaries » britanniques ?,Tout à fait d'accord (5),126
Le législatif et l'exécutif,6. Faut-il supprimer la responsabilité du Gouvernement devant le Parlement et le droit de dissolution ?,Pas du tout d'accord (1),1064
Le législatif et l'exécutif,6. Faut-il supprimer la responsabilité du Gouvernement devant le Parlement et le droit de dissolution ?,2,219
Le législatif et l'exécutif,6. Faut-il supprimer la responsabilité du Gouvernement devant le Parlement et le droit de dissolution ?,3,118
Le législatif et l'exécutif,6. Faut-il supprimer la responsabilité du Gouvernement devant le Parlement et le droit de dissolution ?,4,70
Le législatif et l'exécutif,6. Faut-il supprimer la responsabilité du Gouvernement devant le Parlement et le droit de dissolution ?,Tout à fait d'accord (5),88
Le législatif et l'exécutif,7. Faut-il prévoir la possibilité pour l’Assemblée nationale de « renverser » le Président de la République ?,Pas du tout d'accord (1),512
Le législatif et l'exécutif,7. Faut-il prévoir la possibilité pour l’Assemblée nationale de « renverser » le Président de la République ?,2,173
Le législatif et l'exécutif,7. Faut-il prévoir la possibilité pour l’Assemblée nationale de « renverser » le Président de la République ?,3,117
Le législatif et l'exécutif,7. Faut-il prévoir la possibilité pour l’Assemblée nationale de « renverser » le Président de la République ?,4,306
Le législatif et l'exécutif,7. Faut-il prévoir la possibilité pour l’Assemblée nationale de « renverser » le Président de la République ?,Tout à fait d'accord (5),461
Le législatif et l'exécutif,8. Faut-il rendre obligatoire le principe d’un vote de confiance par la majorité parlementaire lors de la formation d’un nouveau Gouvernement ?,Pas du tout d'accord (1),187
Le législatif et l'exécutif,8. Faut-il rendre obligatoire le principe d’un vote de confiance par la majorité parlementaire lors de la formation d’un nouveau Gouvernement ?,2,119
Le législatif et l'exécutif,8. Faut-il rendre obligatoire le principe d’un vote de confiance par la majorité parlementaire lors de la formation d’un nouveau Gouvernement ?,3,175
Le législatif et l'exécutif,8. Faut-il rendre obligatoire le principe d’un vote de confiance par la majorité parlementaire lors de la formation d’un nouveau Gouvernement ?,4,405
Le législatif et l'exécutif,8. Faut-il rendre obligatoire le principe d’un vote de confiance par la majorité parlementaire lors de la formation d’un nouveau Gouvernement ?,Tout à fait d'accord (5),689
Le législatif et l'exécutif,9. Faut-il instaurer une responsabilité individuelle des membres du Gouvernement devant le Parlement ?,Pas du tout d'accord (1),176
Le législatif et l'exécutif,9. Faut-il instaurer une responsabilité individuelle des membres du Gouvernement devant le Parlement ?,2,122
Le législatif et l'exécutif,9. Faut-il instaurer une responsabilité individuelle des membres du Gouvernement devant le Parlement ?,3,158
Le législatif et l'exécutif,9. Faut-il instaurer une responsabilité individuelle des membres du Gouvernement devant le Parlement ?,4,392
Le législatif et l'exécutif,9. Faut-il instaurer une responsabilité individuelle des membres du Gouvernement devant le Parlement ?,Tout à fait d'accord (5),727
Le législatif et l'exécutif,10. Faut-il instaurer un délai de « carence » entre l’élection du Président de la République et sa prise de fonction ?,Pas du tout d'accord (1),527
Le législatif et l'exécutif,10. Faut-il instaurer un délai de « carence » entre l’élection du Président de la République et sa prise de fonction ?,2,256
Le législatif et l'exécutif,10. Faut-il instaurer un délai de « carence » entre l’élection du Président de la République et sa prise de fonction ?,3,460
Le législatif et l'exécutif,10. Faut-il instaurer un délai de « carence » entre l’élection du Président de la République et sa prise de fonction ?,4,197
Le législatif et l'exécutif,10. Faut-il instaurer un délai de « carence » entre l’élection du Président de la République et sa prise de fonction ?,Tout à fait d'accord (5),136
Le législatif et l'exécutif,1. Faut-il réduire le nombre de députés (actuellement 577) ?,Pas du tout d'accord (1),177
Le législatif et l'exécutif,1. Faut-il réduire le nombre de députés (actuellement 577) ?,2,82
Le législatif et l'exécutif,1. Faut-il réduire le nombre de députés (actuellement 577) ?,3,114
Le législatif et l'exécutif,1. Faut-il réduire le nombre de députés (actuellement 577) ?,4,235
Le législatif et l'exécutif,1. Faut-il réduire le nombre de députés (actuellement 577) ?,Tout à fait d'accord (5),1255
Le législatif et l'exécutif,"2. Dans l’affirmative, à combien leur nombre doit-il s’élever ?",500,78
Le législatif et l'exécutif,"2. Dans l’affirmative, à combien leur nombre doit-il s’élever ?",450,70
Le législatif et l'exécutif,"2. Dans l’affirmative, à combien leur nombre doit-il s’élever ?",400,254
Le législatif et l'exécutif,"2. Dans l’affirmative, à combien leur nombre doit-il s’élever ?",350,216
Le législatif et l'exécutif,"2. Dans l’affirmative, à combien leur nombre doit-il s’élever ?",300,395
Le législatif et l'exécutif,"2. Dans l’affirmative, à combien leur nombre doit-il s’élever ?",250,192
Le législatif et l'exécutif,"2. Dans l’affirmative, à combien leur nombre doit-il s’élever ?",200,337
Le législatif et l'exécutif,"2. Dans l’affirmative, à combien leur nombre doit-il s’élever ?",Autre,157
Le législatif et l'exécutif,3. Faut-il réduire également le nombre de sénateurs (actuellement 348) ?,Pas du tout d'accord (1),1
Le législatif et l'exécutif,3. Faut-il réduire également le nombre de sénateurs (actuellement 348) ?,2,74
Le législatif et l'exécutif,3. Faut-il réduire également le nombre de sénateurs (actuellement 348) ?,3,106
Le législatif et l'exécutif,3. Faut-il réduire également le nombre de sénateurs (actuellement 348) ?,4,183
Le législatif et l'exécutif,3. Faut-il réduire également le nombre de sénateurs (actuellement 348) ?,Tout à fait d'accord (5),1349
Le législatif et l'exécutif,"4. Dans l’affirmative, à combien leur nombre doit-il s’élever ?",300,85
Le législatif et l'exécutif,"4. Dans l’affirmative, à combien leur nombre doit-il s’élever ?",250,112
Le législatif et l'exécutif,"4. Dans l’affirmative, à combien leur nombre doit-il s’élever ?",200,374
Le législatif et l'exécutif,"4. Dans l’affirmative, à combien leur nombre doit-il s’élever ?",150,323
Le législatif et l'exécutif,"4. Dans l’affirmative, à combien leur nombre doit-il s’élever ?",100,436
Le législatif et l'exécutif,"4. Dans l’affirmative, à combien leur nombre doit-il s’élever ?",Autre,299
Le mode de scrutin pour les élections législatives,1. Faut-il s’orienter vers un mode de scrutin proportionnel à l’Assemblée nationale ?,Pas du tout d'accord (1),179
Le mode de scrutin pour les élections législatives,1. Faut-il s’orienter vers un mode de scrutin proportionnel à l’Assemblée nationale ?,2,90
Le mode de scrutin pour les élections législatives,1. Faut-il s’orienter vers un mode de scrutin proportionnel à l’Assemblée nationale ?,3,95
Le mode de scrutin pour les élections législatives,1. Faut-il s’orienter vers un mode de scrutin proportionnel à l’Assemblée nationale ?,4,343
Le mode de scrutin pour les élections législatives,1. Faut-il s’orienter vers un mode de scrutin proportionnel à l’Assemblée nationale ?,Tout à fait d'accord (5),721
Le mode de scrutin pour les élections législatives,Dans l'affirmative : faut-il basculer vers un mode de scrutin à la proportionnelle intégrale (modèle israélien) ?,Pas du tout d'accord (1),421
Le mode de scrutin pour les élections législatives,Dans l'affirmative : faut-il basculer vers un mode de scrutin à la proportionnelle intégrale (modèle israélien) ?,2,173
Le mode de scrutin pour les élections législatives,Dans l'affirmative : faut-il basculer vers un mode de scrutin à la proportionnelle intégrale (modèle israélien) ?,3,162
Le mode de scrutin pour les élections législatives,Dans l'affirmative : faut-il basculer vers un mode de scrutin à la proportionnelle intégrale (modèle israélien) ?,4,147
Le mode de scrutin pour les élections législatives,Dans l'affirmative : faut-il basculer vers un mode de scrutin à la proportionnelle intégrale (modèle israélien) ?,Tout à fait d'accord (5),372
Le mode de scrutin pour les élections législatives,Faut-il adopter un mode de scrutin mixte ?,Pas du tout d'accord (1),330
Le mode de scrutin pour les élections législatives,Faut-il adopter un mode de scrutin mixte ?,2,107
Le mode de scrutin pour les élections législatives,Faut-il adopter un mode de scrutin mixte ?,3,224
Le mode de scrutin pour les élections législatives,Faut-il adopter un mode de scrutin mixte ?,4,315
Le mode de scrutin pour les élections législatives,Faut-il adopter un mode de scrutin mixte ?,Tout à fait d'accord (5),273
Le mode de scrutin pour les élections législatives,Ou faut-il seulement qu’une part restreinte de parlementaires soient élus au scrutin proportionnel ?,Pas du tout d'accord (1),623
Le mode de scrutin pour les élections législatives,Ou faut-il seulement qu’une part restreinte de parlementaires soient élus au scrutin proportionnel ?,2,142
Le mode de scrutin pour les élections législatives,Ou faut-il seulement qu’une part restreinte de parlementaires soient élus au scrutin proportionnel ?,3,192
Le mode de scrutin pour les élections législatives,Ou faut-il seulement qu’une part restreinte de parlementaires soient élus au scrutin proportionnel ?,4,153
Le mode de scrutin pour les élections législatives,Ou faut-il seulement qu’une part restreinte de parlementaires soient élus au scrutin proportionnel ?,Tout à fait d'accord (5),117
Le mode de scrutin pour les élections législatives,"Dans l’affirmative, quel pourcentage ?",25 %,228
Le mode de scrutin pour les élections législatives,"Dans l’affirmative, quel pourcentage ?",20 %,83
Le mode de scrutin pour les élections législatives,"Dans l’affirmative, quel pourcentage ?",15 %,61
Le mode de scrutin pour les élections législatives,"Dans l’affirmative, quel pourcentage ?",10 %,52
Le mode de scrutin pour les élections législatives,"Dans l’affirmative, quel pourcentage ?",5 %,28
Le mode de scrutin pour les élections législatives,2. Faut-il prévoir une prime majoritaire ?,Pas du tout d'accord (1),469
Le mode de scrutin pour les élections législatives,2. Faut-il prévoir une prime majoritaire ?,2,138
Le mode de scrutin pour les élections législatives,2. Faut-il prévoir une prime majoritaire ?,3,299
Le mode de scrutin pour les élections législatives,2. Faut-il prévoir une prime majoritaire ?,4,267
Le mode de scrutin pour les élections législatives,2. Faut-il prévoir une prime majoritaire ?,Tout à fait d'accord (5),229
Le mode de scrutin pour les élections législatives,3. Faut-il prévoir la fixation d’un seuil de suffrage pour être représenté ?,Pas du tout d'accord (1),265
Le mode de scrutin pour les élections législatives,3. Faut-il prévoir la fixation d’un seuil de suffrage pour être représenté ?,2,114
Le mode de scrutin pour les élections législatives,3. Faut-il prévoir la fixation d’un seuil de suffrage pour être représenté ?,3,152
Le mode de scrutin pour les élections législatives,3. Faut-il prévoir la fixation d’un seuil de suffrage pour être représenté ?,4,354
Le mode de scrutin pour les élections législatives,3. Faut-il prévoir la fixation d’un seuil de suffrage pour être représenté ?,Tout à fait d'accord (5),536
Le mode de scrutin pour les élections législatives,"Dans l’affirmative, quel pourcentage ?",1 %,64
Le mode de scrutin pour les élections législatives,"Dans l’affirmative, quel pourcentage ?",3 %,153
Le mode de scrutin pour les élections législatives,"Dans l’affirmative, quel pourcentage ?",5 %,437
Le mode de scrutin pour les élections législatives,"Dans l’affirmative, quel pourcentage ?","7,5 %",99
Le mode de scrutin pour les élections législatives,"Dans l’affirmative, quel pourcentage ?",10 %,286
Le mode de scrutin pour les élections législatives,"4.	Faut-il prévoir un mécanisme obligeant les partis politiques à indiquer, avant les élections, les coalitions auxquelles ils pourraient consentir en cas de victoire ?",Pas du tout d'accord (1),225
Le mode de scrutin pour les élections législatives,"4.	Faut-il prévoir un mécanisme obligeant les partis politiques à indiquer, avant les élections, les coalitions auxquelles ils pourraient consentir en cas de victoire ?",2,87
Le mode de scrutin pour les élections législatives,"4.	Faut-il prévoir un mécanisme obligeant les partis politiques à indiquer, avant les élections, les coalitions auxquelles ils pourraient consentir en cas de victoire ?",3,151
Le mode de scrutin pour les élections législatives,"4.	Faut-il prévoir un mécanisme obligeant les partis politiques à indiquer, avant les élections, les coalitions auxquelles ils pourraient consentir en cas de victoire ?",4,301
Le mode de scrutin pour les élections législatives,"4.	Faut-il prévoir un mécanisme obligeant les partis politiques à indiquer, avant les élections, les coalitions auxquelles ils pourraient consentir en cas de victoire ?",5,666
Le mode de scrutin pour les élections législatives,5. Faut-il prévoir un scrutin à deux tours ?,Pas du tout d'accord (1),371
Le mode de scrutin pour les élections législatives,5. Faut-il prévoir un scrutin à deux tours ?,2,156
Le mode de scrutin pour les élections législatives,5. Faut-il prévoir un scrutin à deux tours ?,3,153
Le mode de scrutin pour les élections législatives,5. Faut-il prévoir un scrutin à deux tours ?,4,277
Le mode de scrutin pour les élections législatives,5. Faut-il prévoir un scrutin à deux tours ?,Tout à fait d'accord (5),479
Le vote de la loi,1. Faut-il réformer en profondeur la procédure législative ?,Pas du tout d'accord (1),47
Le vote de la loi,1. Faut-il réformer en profondeur la procédure législative ?,2,96
Le vote de la loi,1. Faut-il réformer en profondeur la procédure législative ?,3,212
Le vote de la loi,1. Faut-il réformer en profondeur la procédure législative ?,4,322
Le vote de la loi,1. Faut-il réformer en profondeur la procédure législative ?,Tout à fait d'accord (5),572
Le vote de la loi,"2. Faut-il supprimer l’article 49, alinéa 3 de la Constitution ?",Pas du tout d'accord (1),365
Le vote de la loi,"2. Faut-il supprimer l’article 49, alinéa 3 de la Constitution ?",2,210
Le vote de la loi,"2. Faut-il supprimer l’article 49, alinéa 3 de la Constitution ?",3,91
Le vote de la loi,"2. Faut-il supprimer l’article 49, alinéa 3 de la Constitution ?",4,180
Le vote de la loi,"2. Faut-il supprimer l’article 49, alinéa 3 de la Constitution ?",Tout à fait d'accord (5),419
Le vote de la loi,3. Faut-il supprimer l’article 40 de la Constitution ?,Pas du tout d'accord (1),392
Le vote de la loi,3. Faut-il supprimer l’article 40 de la Constitution ?,2,192
Le vote de la loi,3. Faut-il supprimer l’article 40 de la Constitution ?,3,225
Le vote de la loi,3. Faut-il supprimer l’article 40 de la Constitution ?,4,188
Le vote de la loi,3. Faut-il supprimer l’article 40 de la Constitution ?,Tout à fait d'accord (5),271
Le vote de la loi,4. Ou : faut-il permettre de compenser une hausse des charges par une hausse des recettes ?,Pas du tout d'accord (1),286
Le vote de la loi,4. Ou : faut-il permettre de compenser une hausse des charges par une hausse des recettes ?,2,120
Le vote de la loi,4. Ou : faut-il permettre de compenser une hausse des charges par une hausse des recettes ?,3,260
Le vote de la loi,4. Ou : faut-il permettre de compenser une hausse des charges par une hausse des recettes ?,4,265
Le vote de la loi,4. Ou : faut-il permettre de compenser une hausse des charges par une hausse des recettes ?,Tout à fait d'accord (5),303
Le vote de la loi,5. Faut-il limiter la procédure accélérée dans sa forme actuelle à un ou à deux textes par session ?,Pas du tout d'accord (1),230
Le vote de la loi,5. Faut-il limiter la procédure accélérée dans sa forme actuelle à un ou à deux textes par session ?,2,132
Le vote de la loi,5. Faut-il limiter la procédure accélérée dans sa forme actuelle à un ou à deux textes par session ?,3,286
Le vote de la loi,5. Faut-il limiter la procédure accélérée dans sa forme actuelle à un ou à deux textes par session ?,4,251
Le vote de la loi,5. Faut-il limiter la procédure accélérée dans sa forme actuelle à un ou à deux textes par session ?,Tout à fait d'accord (5),353
Le vote de la loi,"6. Faut-il créer, concomitamment, une nouvelle forme de procédure accélérée, dont l’usage ne serait pas contingenté, mais qui permettrait uniquement de s’affranchir de la deuxième lecture devant chaque assemblée ?",Pas du tout d'accord (1),291
Le vote de la loi,"6. Faut-il créer, concomitamment, une nouvelle forme de procédure accélérée, dont l’usage ne serait pas contingenté, mais qui permettrait uniquement de s’affranchir de la deuxième lecture devant chaque assemblée ?",2,140
Le vote de la loi,"6. Faut-il créer, concomitamment, une nouvelle forme de procédure accélérée, dont l’usage ne serait pas contingenté, mais qui permettrait uniquement de s’affranchir de la deuxième lecture devant chaque assemblée ?",3,276
Le vote de la loi,"6. Faut-il créer, concomitamment, une nouvelle forme de procédure accélérée, dont l’usage ne serait pas contingenté, mais qui permettrait uniquement de s’affranchir de la deuxième lecture devant chaque assemblée ?",4,272
Le vote de la loi,"6. Faut-il créer, concomitamment, une nouvelle forme de procédure accélérée, dont l’usage ne serait pas contingenté, mais qui permettrait uniquement de s’affranchir de la deuxième lecture devant chaque assemblée ?",Tout à fait d'accord (5),268
Le vote de la loi,"7. Faut-il appliquer la « procédure d’examen simplifiée » dans tous les domaines, alors qu’elle n’est aujourd’hui pratiquée que pour les traités et accords internationaux ?",Pas du tout d'accord (1),338
Le vote de la loi,"7. Faut-il appliquer la « procédure d’examen simplifiée » dans tous les domaines, alors qu’elle n’est aujourd’hui pratiquée que pour les traités et accords internationaux ?",2,174
Le vote de la loi,"7. Faut-il appliquer la « procédure d’examen simplifiée » dans tous les domaines, alors qu’elle n’est aujourd’hui pratiquée que pour les traités et accords internationaux ?",3,248
Le vote de la loi,"7. Faut-il appliquer la « procédure d’examen simplifiée » dans tous les domaines, alors qu’elle n’est aujourd’hui pratiquée que pour les traités et accords internationaux ?",4,240
Le vote de la loi,"7. Faut-il appliquer la « procédure d’examen simplifiée » dans tous les domaines, alors qu’elle n’est aujourd’hui pratiquée que pour les traités et accords internationaux ?",Tout à fait d'accord (5),243
Le vote de la loi,8. Faut-il permettre qu’un premier débat d’orientation puisse être organisé en séance publique avant l’examen des textes de loi par les commissions ?,Pas du tout d'accord (1),93
Le vote de la loi,8. Faut-il permettre qu’un premier débat d’orientation puisse être organisé en séance publique avant l’examen des textes de loi par les commissions ?,2,55
Le vote de la loi,8. Faut-il permettre qu’un premier débat d’orientation puisse être organisé en séance publique avant l’examen des textes de loi par les commissions ?,3,183
Le vote de la loi,8. Faut-il permettre qu’un premier débat d’orientation puisse être organisé en séance publique avant l’examen des textes de loi par les commissions ?,4,430
Le vote de la loi,8. Faut-il permettre qu’un premier débat d’orientation puisse être organisé en séance publique avant l’examen des textes de loi par les commissions ?,Tout à fait d'accord (5),469
Le vote de la loi,9. Faut-il interdire au Gouvernement de pouvoir amender ses propres projets de loi ?,Pas du tout d'accord (1),306
Le vote de la loi,9. Faut-il interdire au Gouvernement de pouvoir amender ses propres projets de loi ?,2,263
Le vote de la loi,9. Faut-il interdire au Gouvernement de pouvoir amender ses propres projets de loi ?,3,181
Le vote de la loi,9. Faut-il interdire au Gouvernement de pouvoir amender ses propres projets de loi ?,4,168
Le vote de la loi,9. Faut-il interdire au Gouvernement de pouvoir amender ses propres projets de loi ?,Tout à fait d'accord (5),340
Le vote de la loi,"10. Faut-il sinon soumettre à un délai de dépôt les amendements d’origine gouvernementale, comme le sont déjà les amendements parlementaires, afin d’empêcher le dépôt d’amendements gouvernementaux de dernière minute ?",Pas du tout d'accord (1),93
Le vote de la loi,"10. Faut-il sinon soumettre à un délai de dépôt les amendements d’origine gouvernementale, comme le sont déjà les amendements parlementaires, afin d’empêcher le dépôt d’amendements gouvernementaux de dernière minute ?",2,42
Le vote de la loi,"10. Faut-il sinon soumettre à un délai de dépôt les amendements d’origine gouvernementale, comme le sont déjà les amendements parlementaires, afin d’empêcher le dépôt d’amendements gouvernementaux de dernière minute ?",3,168
Le vote de la loi,"10. Faut-il sinon soumettre à un délai de dépôt les amendements d’origine gouvernementale, comme le sont déjà les amendements parlementaires, afin d’empêcher le dépôt d’amendements gouvernementaux de dernière minute ?",4,305
Le vote de la loi,"10. Faut-il sinon soumettre à un délai de dépôt les amendements d’origine gouvernementale, comme le sont déjà les amendements parlementaires, afin d’empêcher le dépôt d’amendements gouvernementaux de dernière minute ?",Tout à fait d'accord (5),614
Le vote de la loi,"11. Faut-il mieux encadrer le droit d’amendement en séance publique, en prévoyant que puissent être déclarés irrecevables les amendements qui ont été déjà discutés en commission (modèle britannique) ?",Pas du tout d'accord (1),143
Le vote de la loi,"11. Faut-il mieux encadrer le droit d’amendement en séance publique, en prévoyant que puissent être déclarés irrecevables les amendements qui ont été déjà discutés en commission (modèle britannique) ?",2,110
Le vote de la loi,"11. Faut-il mieux encadrer le droit d’amendement en séance publique, en prévoyant que puissent être déclarés irrecevables les amendements qui ont été déjà discutés en commission (modèle britannique) ?",3,180
Le vote de la loi,"11. Faut-il mieux encadrer le droit d’amendement en séance publique, en prévoyant que puissent être déclarés irrecevables les amendements qui ont été déjà discutés en commission (modèle britannique) ?",4,311
Le vote de la loi,"11. Faut-il mieux encadrer le droit d’amendement en séance publique, en prévoyant que puissent être déclarés irrecevables les amendements qui ont été déjà discutés en commission (modèle britannique) ?",Tout à fait d'accord (5),493
Le vote de la loi,"12. Faut-il faire respecter une plus stricte séparation entre le domaine de la loi et celui du règlement, en interdisant, dans la Constitution, que figure dans un projet ou une proposition une disposition de nature règlementaire ?",Pas du tout d'accord (1),84
Le vote de la loi,"12. Faut-il faire respecter une plus stricte séparation entre le domaine de la loi et celui du règlement, en interdisant, dans la Constitution, que figure dans un projet ou une proposition une disposition de nature règlementaire ?",2,90
Le vote de la loi,"12. Faut-il faire respecter une plus stricte séparation entre le domaine de la loi et celui du règlement, en interdisant, dans la Constitution, que figure dans un projet ou une proposition une disposition de nature règlementaire ?",3,342
Le vote de la loi,"12. Faut-il faire respecter une plus stricte séparation entre le domaine de la loi et celui du règlement, en interdisant, dans la Constitution, que figure dans un projet ou une proposition une disposition de nature règlementaire ?",4,274
Le vote de la loi,"12. Faut-il faire respecter une plus stricte séparation entre le domaine de la loi et celui du règlement, en interdisant, dans la Constitution, que figure dans un projet ou une proposition une disposition de nature règlementaire ?",Tout à fait d'accord (5),443
Le vote de la loi,13. Faut-il prévoir une procédure pour écarter des lois les dispositions non normatives ?,Pas du tout d'accord (1),66
Le vote de la loi,13. Faut-il prévoir une procédure pour écarter des lois les dispositions non normatives ?,2,76
Le vote de la loi,13. Faut-il prévoir une procédure pour écarter des lois les dispositions non normatives ?,3,445
Le vote de la loi,13. Faut-il prévoir une procédure pour écarter des lois les dispositions non normatives ?,4,253
Le vote de la loi,13. Faut-il prévoir une procédure pour écarter des lois les dispositions non normatives ?,Tout à fait d'accord (5),385
L'organisation interne du Parlement,1. Faut-il supprimer la limitation à 8 du nombre de commissions permanentes ?,Pas du tout d'accord (1),371
L'organisation interne du Parlement,1. Faut-il supprimer la limitation à 8 du nombre de commissions permanentes ?,2,190
L'organisation interne du Parlement,1. Faut-il supprimer la limitation à 8 du nombre de commissions permanentes ?,3,314
L'organisation interne du Parlement,1. Faut-il supprimer la limitation à 8 du nombre de commissions permanentes ?,4,160
L'organisation interne du Parlement,1. Faut-il supprimer la limitation à 8 du nombre de commissions permanentes ?,Tout à fait d'accord (5),268
L'organisation interne du Parlement,"2. Ou Faut-il conserver une limitation du nombre des commissions permanentes, mais l’augmenter ?",Pas du tout d'accord (1),393
L'organisation interne du Parlement,"2. Ou Faut-il conserver une limitation du nombre des commissions permanentes, mais l’augmenter ?",2,137
L'organisation interne du Parlement,"2. Ou Faut-il conserver une limitation du nombre des commissions permanentes, mais l’augmenter ?",3,419
L'organisation interne du Parlement,"2. Ou Faut-il conserver une limitation du nombre des commissions permanentes, mais l’augmenter ?",4,142
L'organisation interne du Parlement,"2. Ou Faut-il conserver une limitation du nombre des commissions permanentes, mais l’augmenter ?",Tout à fait d'accord (5),139
L'organisation interne du Parlement,3. Faut-il calquer l’organisation des commissions parlementaires sur celle des ministères ?,Pas du tout d'accord (1),247
L'organisation interne du Parlement,3. Faut-il calquer l’organisation des commissions parlementaires sur celle des ministères ?,2,146
L'organisation interne du Parlement,3. Faut-il calquer l’organisation des commissions parlementaires sur celle des ministères ?,3,423
L'organisation interne du Parlement,3. Faut-il calquer l’organisation des commissions parlementaires sur celle des ministères ?,4,250
L'organisation interne du Parlement,3. Faut-il calquer l’organisation des commissions parlementaires sur celle des ministères ?,Tout à fait d'accord (5),207
L'organisation interne du Parlement,4. Faut-il institutionnaliser un « contre-rapporteur » ?,Pas du tout d'accord (1),72
L'organisation interne du Parlement,4. Faut-il institutionnaliser un « contre-rapporteur » ?,2,38
L'organisation interne du Parlement,4. Faut-il institutionnaliser un « contre-rapporteur » ?,3,150
L'organisation interne du Parlement,4. Faut-il institutionnaliser un « contre-rapporteur » ?,4,429
L'organisation interne du Parlement,4. Faut-il institutionnaliser un « contre-rapporteur » ?,Tout à fait d'accord (5),620
Le contrôle de l'action du Gouvernement et l'évaluation des politiques publiques,1. Faut-il systématiser le contrôle parlementaire de l’application de la loi en obligeant le Gouvernement à justifier devant les commissions parlementaires compétentes la non-publication des décrets d’application à l’expiration d’un délai de six mois ?,Pas du tout d'accord (1),10
Le contrôle de l'action du Gouvernement et l'évaluation des politiques publiques,1. Faut-il systématiser le contrôle parlementaire de l’application de la loi en obligeant le Gouvernement à justifier devant les commissions parlementaires compétentes la non-publication des décrets d’application à l’expiration d’un délai de six mois ?,2,7
Le contrôle de l'action du Gouvernement et l'évaluation des politiques publiques,1. Faut-il systématiser le contrôle parlementaire de l’application de la loi en obligeant le Gouvernement à justifier devant les commissions parlementaires compétentes la non-publication des décrets d’application à l’expiration d’un délai de six mois ?,3,64
Le contrôle de l'action du Gouvernement et l'évaluation des politiques publiques,1. Faut-il systématiser le contrôle parlementaire de l’application de la loi en obligeant le Gouvernement à justifier devant les commissions parlementaires compétentes la non-publication des décrets d’application à l’expiration d’un délai de six mois ?,4,212
Le contrôle de l'action du Gouvernement et l'évaluation des politiques publiques,1. Faut-il systématiser le contrôle parlementaire de l’application de la loi en obligeant le Gouvernement à justifier devant les commissions parlementaires compétentes la non-publication des décrets d’application à l’expiration d’un délai de six mois ?,Tout à fait d'accord (5),799
Le contrôle de l'action du Gouvernement et l'évaluation des politiques publiques,"2. Faut-il modifier les questions au Gouvernement en instaurant un « droit de réplique », dont pourrait user l’auteur de la question ?",Pas du tout d'accord (1),88
Le contrôle de l'action du Gouvernement et l'évaluation des politiques publiques,"2. Faut-il modifier les questions au Gouvernement en instaurant un « droit de réplique », dont pourrait user l’auteur de la question ?",2,81
Le contrôle de l'action du Gouvernement et l'évaluation des politiques publiques,"2. Faut-il modifier les questions au Gouvernement en instaurant un « droit de réplique », dont pourrait user l’auteur de la question ?",3,106
Le contrôle de l'action du Gouvernement et l'évaluation des politiques publiques,"2. Faut-il modifier les questions au Gouvernement en instaurant un « droit de réplique », dont pourrait user l’auteur de la question ?",4,316
Le contrôle de l'action du Gouvernement et l'évaluation des politiques publiques,"2. Faut-il modifier les questions au Gouvernement en instaurant un « droit de réplique », dont pourrait user l’auteur de la question ?",Tout à fait d'accord (5),509
Le contrôle de l'action du Gouvernement et l'évaluation des politiques publiques,"3.	« Faut-il organiser tous les mois, par exemple, une séance de questions / réponses avec le Président de la République à l’Assemblée nationale », et permettre ainsi au Président de venir au Parlement ?",Pas du tout d'accord (1),346
Le contrôle de l'action du Gouvernement et l'évaluation des politiques publiques,"3.	« Faut-il organiser tous les mois, par exemple, une séance de questions / réponses avec le Président de la République à l’Assemblée nationale », et permettre ainsi au Président de venir au Parlement ?",2,117
Le contrôle de l'action du Gouvernement et l'évaluation des politiques publiques,"3.	« Faut-il organiser tous les mois, par exemple, une séance de questions / réponses avec le Président de la République à l’Assemblée nationale », et permettre ainsi au Président de venir au Parlement ?",3,111
Le contrôle de l'action du Gouvernement et l'évaluation des politiques publiques,"3.	« Faut-il organiser tous les mois, par exemple, une séance de questions / réponses avec le Président de la République à l’Assemblée nationale », et permettre ainsi au Président de venir au Parlement ?",4,214
Le contrôle de l'action du Gouvernement et l'évaluation des politiques publiques,"3.	« Faut-il organiser tous les mois, par exemple, une séance de questions / réponses avec le Président de la République à l’Assemblée nationale », et permettre ainsi au Président de venir au Parlement ?",Tout à fait d'accord (5),307
Le contrôle de l'action du Gouvernement et l'évaluation des politiques publiques,4.	Faut-il supprimer la semaine de contrôle prévue à l’article 48 de la Constitution ?,Pas du tout d'accord (1),254
Le contrôle de l'action du Gouvernement et l'évaluation des politiques publiques,4.	Faut-il supprimer la semaine de contrôle prévue à l’article 48 de la Constitution ?,2,140
Le contrôle de l'action du Gouvernement et l'évaluation des politiques publiques,4.	Faut-il supprimer la semaine de contrôle prévue à l’article 48 de la Constitution ?,3,469
Le contrôle de l'action du Gouvernement et l'évaluation des politiques publiques,4.	Faut-il supprimer la semaine de contrôle prévue à l’article 48 de la Constitution ?,4,88
Le contrôle de l'action du Gouvernement et l'évaluation des politiques publiques,4.	Faut-il supprimer la semaine de contrôle prévue à l’article 48 de la Constitution ?,Tout à fait d'accord (5),103
Le contrôle de l'action du Gouvernement et l'évaluation des politiques publiques,"Dans l’affirmative, faut-il en faire une semaine « blanche », au cours de laquelle l’Assemblée ne siégerait pas et qui permettrait aux parlementaires de se consacrer à leur circonscription ?",Pas du tout d'accord (1),258
Le contrôle de l'action du Gouvernement et l'évaluation des politiques publiques,"Dans l’affirmative, faut-il en faire une semaine « blanche », au cours de laquelle l’Assemblée ne siégerait pas et qui permettrait aux parlementaires de se consacrer à leur circonscription ?",2,93
Le contrôle de l'action du Gouvernement et l'évaluation des politiques publiques,"Dans l’affirmative, faut-il en faire une semaine « blanche », au cours de laquelle l’Assemblée ne siégerait pas et qui permettrait aux parlementaires de se consacrer à leur circonscription ?",3,277
Le contrôle de l'action du Gouvernement et l'évaluation des politiques publiques,"Dans l’affirmative, faut-il en faire une semaine « blanche », au cours de laquelle l’Assemblée ne siégerait pas et qui permettrait aux parlementaires de se consacrer à leur circonscription ?",4,153
Le contrôle de l'action du Gouvernement et l'évaluation des politiques publiques,"Dans l’affirmative, faut-il en faire une semaine « blanche », au cours de laquelle l’Assemblée ne siégerait pas et qui permettrait aux parlementaires de se consacrer à leur circonscription ?",Tout à fait d'accord (5),170
Le contrôle de l'action du Gouvernement et l'évaluation des politiques publiques,Ou faut-il en faire une semaine réservée au travail des commissions ?,Pas du tout d'accord (1),158
Le contrôle de l'action du Gouvernement et l'évaluation des politiques publiques,Ou faut-il en faire une semaine réservée au travail des commissions ?,2,109
Le contrôle de l'action du Gouvernement et l'évaluation des politiques publiques,Ou faut-il en faire une semaine réservée au travail des commissions ?,3,360
Le contrôle de l'action du Gouvernement et l'évaluation des politiques publiques,Ou faut-il en faire une semaine réservée au travail des commissions ?,4,183
Le contrôle de l'action du Gouvernement et l'évaluation des politiques publiques,Ou faut-il en faire une semaine réservée au travail des commissions ?,Tout à fait d'accord (5),144
Le contrôle de l'action du Gouvernement et l'évaluation des politiques publiques,"Ou faut-il restituer cette semaine au Gouvernement, en échange d’une plus stricte limitation des journées siégées aux mardi, mercredi et jeudi ?",Pas du tout d'accord (1),223
Le contrôle de l'action du Gouvernement et l'évaluation des politiques publiques,"Ou faut-il restituer cette semaine au Gouvernement, en échange d’une plus stricte limitation des journées siégées aux mardi, mercredi et jeudi ?",2,137
Le contrôle de l'action du Gouvernement et l'évaluation des politiques publiques,"Ou faut-il restituer cette semaine au Gouvernement, en échange d’une plus stricte limitation des journées siégées aux mardi, mercredi et jeudi ?",3,446
Le contrôle de l'action du Gouvernement et l'évaluation des politiques publiques,"Ou faut-il restituer cette semaine au Gouvernement, en échange d’une plus stricte limitation des journées siégées aux mardi, mercredi et jeudi ?",4,73
Le contrôle de l'action du Gouvernement et l'évaluation des politiques publiques,"Ou faut-il restituer cette semaine au Gouvernement, en échange d’une plus stricte limitation des journées siégées aux mardi, mercredi et jeudi ?",Tout à fait d'accord (5),60
Le contrôle de l'action du Gouvernement et l'évaluation des politiques publiques,Ou faut-il redistribuer la semaine de contrôle au profit de séances spécifiquement dédiées à cette activité tout au long de l’année ?,Pas du tout d'accord (1),151
Le contrôle de l'action du Gouvernement et l'évaluation des politiques publiques,Ou faut-il redistribuer la semaine de contrôle au profit de séances spécifiquement dédiées à cette activité tout au long de l’année ?,2,82
Le contrôle de l'action du Gouvernement et l'évaluation des politiques publiques,Ou faut-il redistribuer la semaine de contrôle au profit de séances spécifiquement dédiées à cette activité tout au long de l’année ?,3,486
Le contrôle de l'action du Gouvernement et l'évaluation des politiques publiques,Ou faut-il redistribuer la semaine de contrôle au profit de séances spécifiquement dédiées à cette activité tout au long de l’année ?,4,130
Le contrôle de l'action du Gouvernement et l'évaluation des politiques publiques,Ou faut-il redistribuer la semaine de contrôle au profit de séances spécifiquement dédiées à cette activité tout au long de l’année ?,Tout à fait d'accord (5),74
Le contrôle de l'action du Gouvernement et l'évaluation des politiques publiques,5.	Faut-il renforcer le contrôle du Parlement sur les nominations envisagées par le Président de la République ?,Pas du tout d'accord (1),78
Le contrôle de l'action du Gouvernement et l'évaluation des politiques publiques,5.	Faut-il renforcer le contrôle du Parlement sur les nominations envisagées par le Président de la République ?,2,90
Le contrôle de l'action du Gouvernement et l'évaluation des politiques publiques,5.	Faut-il renforcer le contrôle du Parlement sur les nominations envisagées par le Président de la République ?,3,89
Le contrôle de l'action du Gouvernement et l'évaluation des politiques publiques,5.	Faut-il renforcer le contrôle du Parlement sur les nominations envisagées par le Président de la République ?,4,300
Le contrôle de l'action du Gouvernement et l'évaluation des politiques publiques,5.	Faut-il renforcer le contrôle du Parlement sur les nominations envisagées par le Président de la République ?,Tout à fait d'accord (5),529
Le contrôle de l'action du Gouvernement et l'évaluation des politiques publiques,Faut-il substituer au système actuel (majorité des 3/5 négative) une majorité simple ?,Pas du tout d'accord (1),232
Le contrôle de l'action du Gouvernement et l'évaluation des politiques publiques,Faut-il substituer au système actuel (majorité des 3/5 négative) une majorité simple ?,2,172
Le contrôle de l'action du Gouvernement et l'évaluation des politiques publiques,Faut-il substituer au système actuel (majorité des 3/5 négative) une majorité simple ?,3,254
Le contrôle de l'action du Gouvernement et l'évaluation des politiques publiques,Faut-il substituer au système actuel (majorité des 3/5 négative) une majorité simple ?,4,194
Le contrôle de l'action du Gouvernement et l'évaluation des politiques publiques,Faut-il substituer au système actuel (majorité des 3/5 négative) une majorité simple ?,Tout à fait d'accord (5),218
Le contrôle de l'action du Gouvernement et l'évaluation des politiques publiques,Faut-il substituer au système actuel une majorité aux 3/5 positive ?,Pas du tout d'accord (1),218
Le contrôle de l'action du Gouvernement et l'évaluation des politiques publiques,Faut-il substituer au système actuel une majorité aux 3/5 positive ?,2,149
Le contrôle de l'action du Gouvernement et l'évaluation des politiques publiques,Faut-il substituer au système actuel une majorité aux 3/5 positive ?,3,358
Le contrôle de l'action du Gouvernement et l'évaluation des politiques publiques,Faut-il substituer au système actuel une majorité aux 3/5 positive ?,4,153
Le contrôle de l'action du Gouvernement et l'évaluation des politiques publiques,Faut-il substituer au système actuel une majorité aux 3/5 positive ?,Tout à fait d'accord (5),166
Le bicamérisme,1.	Faut-il modifier le rôle de l’Assemblée nationale ?,Pas du tout d'accord (1),297
Le bicamérisme,1.	Faut-il modifier le rôle de l’Assemblée nationale ?,2,209
Le bicamérisme,1.	Faut-il modifier le rôle de l’Assemblée nationale ?,3,151
Le bicamérisme,1.	Faut-il modifier le rôle de l’Assemblée nationale ?,4,190
Le bicamérisme,1.	Faut-il modifier le rôle de l’Assemblée nationale ?,Tout à fait d'accord (5),246
Le bicamérisme,2.	Faut-il modifier le rôle du Sénat ?,Pas du tout d'accord (1),134
Le bicamérisme,2.	Faut-il modifier le rôle du Sénat ?,2,92
Le bicamérisme,2.	Faut-il modifier le rôle du Sénat ?,3,93
Le bicamérisme,2.	Faut-il modifier le rôle du Sénat ?,4,249
Le bicamérisme,2.	Faut-il modifier le rôle du Sénat ?,Tout à fait d'accord (5),532
Le bicamérisme,"2.1. Option 1 : Faut-il fusionner le Sénat avec le Conseil économique, social et environnemental (CESE) ?",Pas du tout d'accord (1),309
Le bicamérisme,"2.1. Option 1 : Faut-il fusionner le Sénat avec le Conseil économique, social et environnemental (CESE) ?",2,75
Le bicamérisme,"2.1. Option 1 : Faut-il fusionner le Sénat avec le Conseil économique, social et environnemental (CESE) ?",3,140
Le bicamérisme,"2.1. Option 1 : Faut-il fusionner le Sénat avec le Conseil économique, social et environnemental (CESE) ?",4,194
Le bicamérisme,"2.1. Option 1 : Faut-il fusionner le Sénat avec le Conseil économique, social et environnemental (CESE) ?",Tout à fait d'accord (5),393
Le bicamérisme,Faut-il que le Sénat s’ouvre à d’autres catégories socio-professionnelles que celles qui sont déjà représentées au CESE ?,Pas du tout d'accord (1),182
Le bicamérisme,Faut-il que le Sénat s’ouvre à d’autres catégories socio-professionnelles que celles qui sont déjà représentées au CESE ?,2,49
Le bicamérisme,Faut-il que le Sénat s’ouvre à d’autres catégories socio-professionnelles que celles qui sont déjà représentées au CESE ?,3,183
Le bicamérisme,Faut-il que le Sénat s’ouvre à d’autres catégories socio-professionnelles que celles qui sont déjà représentées au CESE ?,4,234
Le bicamérisme,Faut-il que le Sénat s’ouvre à d’autres catégories socio-professionnelles que celles qui sont déjà représentées au CESE ?,Tout à fait d'accord (5),447
Le bicamérisme,Faut-il que le Sénat comprenne également des membres tirés au sort ?,Pas du tout d'accord (1),445
Le bicamérisme,Faut-il que le Sénat comprenne également des membres tirés au sort ?,2,77
Le bicamérisme,Faut-il que le Sénat comprenne également des membres tirés au sort ?,3,108
Le bicamérisme,Faut-il que le Sénat comprenne également des membres tirés au sort ?,4,117
Le bicamérisme,Faut-il que le Sénat comprenne également des membres tirés au sort ?,Tout à fait d'accord (5),354
Le bicamérisme,Quelles conséquences faudrait-il en tirer en termes de pouvoirs ? - Un Sénat strictement consultatif ?,Pas du tout d'accord (1),482
Le bicamérisme,Quelles conséquences faudrait-il en tirer en termes de pouvoirs ? - Un Sénat strictement consultatif ?,2,202
Le bicamérisme,Quelles conséquences faudrait-il en tirer en termes de pouvoirs ? - Un Sénat strictement consultatif ?,3,101
Le bicamérisme,Quelles conséquences faudrait-il en tirer en termes de pouvoirs ? - Un Sénat strictement consultatif ?,4,102
Le bicamérisme,Quelles conséquences faudrait-il en tirer en termes de pouvoirs ? - Un Sénat strictement consultatif ?,Tout à fait d'accord (5),194
Le bicamérisme,- Le maintien d'une compétence législative ?,Pas du tout d'accord (1),192
Le bicamérisme,- Le maintien d'une compétence législative ?,2,95
Le bicamérisme,- Le maintien d'une compétence législative ?,3,114
Le bicamérisme,- Le maintien d'une compétence législative ?,4,287
Le bicamérisme,- Le maintien d'une compétence législative ?,Tout à fait d'accord (5),398
Le bicamérisme,- Le contrôle de l'application de la loi ?,Pas du tout d'accord (1),90
Le bicamérisme,- Le contrôle de l'application de la loi ?,2,25
Le bicamérisme,- Le contrôle de l'application de la loi ?,3,95
Le bicamérisme,- Le contrôle de l'application de la loi ?,4,356
Le bicamérisme,- Le contrôle de l'application de la loi ?,Tout à fait d'accord (5),525
Le bicamérisme,- L'élaboration des études d'impact ?,Pas du tout d'accord (1),126
Le bicamérisme,- L'élaboration des études d'impact ?,2,61
Le bicamérisme,- L'élaboration des études d'impact ?,3,200
Le bicamérisme,- L'élaboration des études d'impact ?,4,313
Le bicamérisme,- L'élaboration des études d'impact ?,Tout à fait d'accord (5),366
Le bicamérisme,- L'évaluation des études d'impact ?,Pas du tout d'accord (1),112
Le bicamérisme,- L'évaluation des études d'impact ?,2,44
Le bicamérisme,- L'évaluation des études d'impact ?,3,187
Le bicamérisme,- L'évaluation des études d'impact ?,4,332
Le bicamérisme,- L'évaluation des études d'impact ?,Tout à fait d'accord (5),398
Le bicamérisme,2.2. Option 2 : Le Sénat doit-il plutôt se limiter à la représentation des collectivités territoriales ?,Pas du tout d'accord (1),387
Le bicamérisme,2.2. Option 2 : Le Sénat doit-il plutôt se limiter à la représentation des collectivités territoriales ?,2,221
Le bicamérisme,2.2. Option 2 : Le Sénat doit-il plutôt se limiter à la représentation des collectivités territoriales ?,3,155
Le bicamérisme,2.2. Option 2 : Le Sénat doit-il plutôt se limiter à la représentation des collectivités territoriales ?,4,175
Le bicamérisme,2.2. Option 2 : Le Sénat doit-il plutôt se limiter à la représentation des collectivités territoriales ?,Tout à fait d'accord (5),154
Le bicamérisme,Avec quelles conséquences en termes de composition ? - Des membres de droit ?,Pas du tout d'accord (1),598
Le bicamérisme,Avec quelles conséquences en termes de composition ? - Des membres de droit ?,2,116
Le bicamérisme,Avec quelles conséquences en termes de composition ? - Des membres de droit ?,3,153
Le bicamérisme,Avec quelles conséquences en termes de composition ? - Des membres de droit ?,4,117
Le bicamérisme,Avec quelles conséquences en termes de composition ? - Des membres de droit ?,Tout à fait d'accord (5),70
Le bicamérisme,- Des élus ?,Pas du tout d'accord (1),143
Le bicamérisme,- Des élus ?,2,49
Le bicamérisme,- Des élus ?,3,155
Le bicamérisme,- Des élus ?,4,298
Le bicamérisme,- Des élus ?,Tout à fait d'accord (5),409
Le bicamérisme,Avec quelles conséquences en termes de pouvoirs ? - Suppression de tout pouvoir de blocage ?,Pas du tout d'accord (1),347
Le bicamérisme,Avec quelles conséquences en termes de pouvoirs ? - Suppression de tout pouvoir de blocage ?,2,195
Le bicamérisme,Avec quelles conséquences en termes de pouvoirs ? - Suppression de tout pouvoir de blocage ?,3,161
Le bicamérisme,Avec quelles conséquences en termes de pouvoirs ? - Suppression de tout pouvoir de blocage ?,4,127
Le bicamérisme,Avec quelles conséquences en termes de pouvoirs ? - Suppression de tout pouvoir de blocage ?,Tout à fait d'accord (5),224
Le bicamérisme,- Pouvoir de blocage uniquement en matière constitutionnelle ?,Pas du tout d'accord (1),314
Le bicamérisme,- Pouvoir de blocage uniquement en matière constitutionnelle ?,2,127
Le bicamérisme,- Pouvoir de blocage uniquement en matière constitutionnelle ?,3,174
Le bicamérisme,- Pouvoir de blocage uniquement en matière constitutionnelle ?,4,218
Le bicamérisme,- Pouvoir de blocage uniquement en matière constitutionnelle ?,Tout à fait d'accord (5),213
Le bicamérisme,- Pouvoir de blocage sur les seules lois relatives aux collectivités territoriales ?,Pas du tout d'accord (1),398
Le bicamérisme,- Pouvoir de blocage sur les seules lois relatives aux collectivités territoriales ?,2,182
Le bicamérisme,- Pouvoir de blocage sur les seules lois relatives aux collectivités territoriales ?,3,194
Le bicamérisme,- Pouvoir de blocage sur les seules lois relatives aux collectivités territoriales ?,4,158
Le bicamérisme,- Pouvoir de blocage sur les seules lois relatives aux collectivités territoriales ?,Tout à fait d'accord (5),111
Le bicamérisme,- Possibilité d’adopter des amendements mais uniquement aux 3/5ème  (amendements ensuite soumis au vote de l’Assemblée nationale)  ?,Pas du tout d'accord (1),292
Le bicamérisme,- Possibilité d’adopter des amendements mais uniquement aux 3/5ème  (amendements ensuite soumis au vote de l’Assemblée nationale)  ?,2,110
Le bicamérisme,- Possibilité d’adopter des amendements mais uniquement aux 3/5ème  (amendements ensuite soumis au vote de l’Assemblée nationale)  ?,3,221
Le bicamérisme,- Possibilité d’adopter des amendements mais uniquement aux 3/5ème  (amendements ensuite soumis au vote de l’Assemblée nationale)  ?,4,240
Le bicamérisme,- Possibilité d’adopter des amendements mais uniquement aux 3/5ème  (amendements ensuite soumis au vote de l’Assemblée nationale)  ?,Tout à fait d'accord (5),162
Le bicamérisme,3.	Faut-il modifier le mode de scrutin actuel des élections sénatoriales ? ,Pas du tout d'accord (1),93
Le bicamérisme,3.	Faut-il modifier le mode de scrutin actuel des élections sénatoriales ? ,2,56
Le bicamérisme,3.	Faut-il modifier le mode de scrutin actuel des élections sénatoriales ? ,3,128
Le bicamérisme,3.	Faut-il modifier le mode de scrutin actuel des élections sénatoriales ? ,4,200
Le bicamérisme,3.	Faut-il modifier le mode de scrutin actuel des élections sénatoriales ? ,Tout à fait d'accord (5),618
Le bicamérisme,3.1. Option 1 : Faut-il s’orienter vers un mode de scrutin strictement proportionnel au Sénat ? ,Pas du tout d'accord (1),181
Le bicamérisme,3.1. Option 1 : Faut-il s’orienter vers un mode de scrutin strictement proportionnel au Sénat ? ,2,113
Le bicamérisme,3.1. Option 1 : Faut-il s’orienter vers un mode de scrutin strictement proportionnel au Sénat ? ,3,177
Le bicamérisme,3.1. Option 1 : Faut-il s’orienter vers un mode de scrutin strictement proportionnel au Sénat ? ,4,195
Le bicamérisme,3.1. Option 1 : Faut-il s’orienter vers un mode de scrutin strictement proportionnel au Sénat ? ,Tout à fait d'accord (5),424
Le bicamérisme,3.2. Option 2 : Faut-il modifier le corps électoral afin que les petites communes rurales ne soient pas surreprésentées ?,Pas du tout d'accord (1),237
Le bicamérisme,3.2. Option 2 : Faut-il modifier le corps électoral afin que les petites communes rurales ne soient pas surreprésentées ?,2,104
Le bicamérisme,3.2. Option 2 : Faut-il modifier le corps électoral afin que les petites communes rurales ne soient pas surreprésentées ?,3,134
Le bicamérisme,3.2. Option 2 : Faut-il modifier le corps électoral afin que les petites communes rurales ne soient pas surreprésentées ?,4,208
Le bicamérisme,3.2. Option 2 : Faut-il modifier le corps électoral afin que les petites communes rurales ne soient pas surreprésentées ?,Tout à fait d'accord (5),413
Représentation et mandats,1. Représentation et mandats 1.1.	Faut-il limiter le nombre de mandats identiques successifs ? ,Pas du tout d'accord (1),89
Représentation et mandats,1. Représentation et mandats 1.1.	Faut-il limiter le nombre de mandats identiques successifs ? ,2,52
Représentation et mandats,1. Représentation et mandats 1.1.	Faut-il limiter le nombre de mandats identiques successifs ? ,3,38
Représentation et mandats,1. Représentation et mandats 1.1.	Faut-il limiter le nombre de mandats identiques successifs ? ,4,165
Représentation et mandats,1. Représentation et mandats 1.1.	Faut-il limiter le nombre de mandats identiques successifs ? ,Tout à fait d'accord (5),862
Représentation et mandats,1.2	Faut-il introduire de nouveaux quotas sur le modèle de la loi sur la parité ?,Pas du tout d'accord (1),487
Représentation et mandats,1.2	Faut-il introduire de nouveaux quotas sur le modèle de la loi sur la parité ?,2,129
Représentation et mandats,1.2	Faut-il introduire de nouveaux quotas sur le modèle de la loi sur la parité ?,3,201
Représentation et mandats,1.2	Faut-il introduire de nouveaux quotas sur le modèle de la loi sur la parité ?,4,147
Représentation et mandats,1.2	Faut-il introduire de nouveaux quotas sur le modèle de la loi sur la parité ?,Tout à fait d'accord (5),199
Représentation et mandats,2. Les partis politiques et le statut de l’élu 2.1.	Faut-il exiger des partis politiques qu’ils consacrent une partie des sommes publiques qu’ils perçoivent à des organismes ou des programmes de formation et d’éducation populaire ?,Pas du tout d'accord (1),299
Représentation et mandats,2. Les partis politiques et le statut de l’élu 2.1.	Faut-il exiger des partis politiques qu’ils consacrent une partie des sommes publiques qu’ils perçoivent à des organismes ou des programmes de formation et d’éducation populaire ?,2,110
Représentation et mandats,2. Les partis politiques et le statut de l’élu 2.1.	Faut-il exiger des partis politiques qu’ils consacrent une partie des sommes publiques qu’ils perçoivent à des organismes ou des programmes de formation et d’éducation populaire ?,3,158
Représentation et mandats,2. Les partis politiques et le statut de l’élu 2.1.	Faut-il exiger des partis politiques qu’ils consacrent une partie des sommes publiques qu’ils perçoivent à des organismes ou des programmes de formation et d’éducation populaire ?,4,241
Représentation et mandats,2. Les partis politiques et le statut de l’élu 2.1.	Faut-il exiger des partis politiques qu’ils consacrent une partie des sommes publiques qu’ils perçoivent à des organismes ou des programmes de formation et d’éducation populaire ?,Tout à fait d'accord (5),367
Représentation et mandats,2.2.	Faut-il permettre aux citoyens d’affecter directement une partie des dotations publiques aux partis politiques au moyen de l’impôt ?,Pas du tout d'accord (1),507
Représentation et mandats,2.2.	Faut-il permettre aux citoyens d’affecter directement une partie des dotations publiques aux partis politiques au moyen de l’impôt ?,2,159
Représentation et mandats,2.2.	Faut-il permettre aux citoyens d’affecter directement une partie des dotations publiques aux partis politiques au moyen de l’impôt ?,3,170
Représentation et mandats,2.2.	Faut-il permettre aux citoyens d’affecter directement une partie des dotations publiques aux partis politiques au moyen de l’impôt ?,4,166
Représentation et mandats,2.2.	Faut-il permettre aux citoyens d’affecter directement une partie des dotations publiques aux partis politiques au moyen de l’impôt ?,Tout à fait d'accord (5),164
Représentation et mandats,"2.3.	Faut-il créer un véritable statut de l’élu, qui sécurise le parcours professionnel des élus?",Pas du tout d'accord (1),345
Représentation et mandats,"2.3.	Faut-il créer un véritable statut de l’élu, qui sécurise le parcours professionnel des élus?",2,115
Représentation et mandats,"2.3.	Faut-il créer un véritable statut de l’élu, qui sécurise le parcours professionnel des élus?",3,128
Représentation et mandats,"2.3.	Faut-il créer un véritable statut de l’élu, qui sécurise le parcours professionnel des élus?",4,256
Représentation et mandats,"2.3.	Faut-il créer un véritable statut de l’élu, qui sécurise le parcours professionnel des élus?",Tout à fait d'accord (5),323
Représentation et mandats,"2.4.	Faut-il accorder aux élus le statut de salarié protégé dont bénéficient les représentants syndicaux, afin de favoriser l’engagement politique des salariés et donc une meilleure représentation des élus issus du secteur privé ?",Pas du tout d'accord (1),223
Représentation et mandats,"2.4.	Faut-il accorder aux élus le statut de salarié protégé dont bénéficient les représentants syndicaux, afin de favoriser l’engagement politique des salariés et donc une meilleure représentation des élus issus du secteur privé ?",2,87
Représentation et mandats,"2.4.	Faut-il accorder aux élus le statut de salarié protégé dont bénéficient les représentants syndicaux, afin de favoriser l’engagement politique des salariés et donc une meilleure représentation des élus issus du secteur privé ?",3,97
Représentation et mandats,"2.4.	Faut-il accorder aux élus le statut de salarié protégé dont bénéficient les représentants syndicaux, afin de favoriser l’engagement politique des salariés et donc une meilleure représentation des élus issus du secteur privé ?",4,292
Représentation et mandats,"2.4.	Faut-il accorder aux élus le statut de salarié protégé dont bénéficient les représentants syndicaux, afin de favoriser l’engagement politique des salariés et donc une meilleure représentation des élus issus du secteur privé ?",Tout à fait d'accord (5),469
Représentation et mandats,3. La participation des citoyens 3.1.	Faut-il rendre automatique l’inscription des citoyens sur les listes électorales ?	,Pas du tout d'accord (1),167
Représentation et mandats,3. La participation des citoyens 3.1.	Faut-il rendre automatique l’inscription des citoyens sur les listes électorales ?	,2,47
Représentation et mandats,3. La participation des citoyens 3.1.	Faut-il rendre automatique l’inscription des citoyens sur les listes électorales ?	,3,37
Représentation et mandats,3. La participation des citoyens 3.1.	Faut-il rendre automatique l’inscription des citoyens sur les listes électorales ?	,4,156
Représentation et mandats,3. La participation des citoyens 3.1.	Faut-il rendre automatique l’inscription des citoyens sur les listes électorales ?	,Tout à fait d'accord (5),768
Représentation et mandats,3.2.	Faut-il rendre le vote obligatoire ?,Pas du tout d'accord (1),378
Représentation et mandats,3.2.	Faut-il rendre le vote obligatoire ?,2,107
Représentation et mandats,3.2.	Faut-il rendre le vote obligatoire ?,3,84
Représentation et mandats,3.2.	Faut-il rendre le vote obligatoire ?,4,159
Représentation et mandats,3.2.	Faut-il rendre le vote obligatoire ?,Tout à fait d'accord (5),446
Représentation et mandats,"Dans l’affirmative, faut-il prévoir une sanction ?",Pas du tout d'accord (1),366
Représentation et mandats,"Dans l’affirmative, faut-il prévoir une sanction ?",2,79
Représentation et mandats,"Dans l’affirmative, faut-il prévoir une sanction ?",3,108
Représentation et mandats,"Dans l’affirmative, faut-il prévoir une sanction ?",4,150
Représentation et mandats,"Dans l’affirmative, faut-il prévoir une sanction ?",Tout à fait d'accord (5),334
Représentation et mandats,3.3.Faut-il comptabiliser les votes blancs dans les suffrages exprimés ?,Pas du tout d'accord (1),55
Représentation et mandats,3.3.Faut-il comptabiliser les votes blancs dans les suffrages exprimés ?,2,25
Représentation et mandats,3.3.Faut-il comptabiliser les votes blancs dans les suffrages exprimés ?,3,32
Représentation et mandats,3.3.Faut-il comptabiliser les votes blancs dans les suffrages exprimés ?,4,108
Représentation et mandats,3.3.Faut-il comptabiliser les votes blancs dans les suffrages exprimés ?,Tout à fait d'accord (5),955
Représentation et mandats,3.4.	Faut-il développer le vote électronique ?,Pas du tout d'accord (1),377
Représentation et mandats,3.4.	Faut-il développer le vote électronique ?,2,88
Représentation et mandats,3.4.	Faut-il développer le vote électronique ?,3,126
Représentation et mandats,3.4.	Faut-il développer le vote électronique ?,4,144
Représentation et mandats,3.4.	Faut-il développer le vote électronique ?,Tout à fait d'accord (5),442
Représentation et mandats,3.5.	Faut-il expérimenter le dépôt d’amendements citoyens ?,Pas du tout d'accord (1),78
Représentation et mandats,3.5.	Faut-il expérimenter le dépôt d’amendements citoyens ?,2,50
Représentation et mandats,3.5.	Faut-il expérimenter le dépôt d’amendements citoyens ?,3,84
Représentation et mandats,3.5.	Faut-il expérimenter le dépôt d’amendements citoyens ?,4,263
Représentation et mandats,3.5.	Faut-il expérimenter le dépôt d’amendements citoyens ?,Tout à fait d'accord (5),694
Représentation et mandats,3.6.	Faut-il développer les ateliers législatifs citoyens ?,Pas du tout d'accord (1),89
Représentation et mandats,3.6.	Faut-il développer les ateliers législatifs citoyens ?,2,47
Représentation et mandats,3.6.	Faut-il développer les ateliers législatifs citoyens ?,3,128
Représentation et mandats,3.6.	Faut-il développer les ateliers législatifs citoyens ?,4,259
Représentation et mandats,3.6.	Faut-il développer les ateliers législatifs citoyens ?,Tout à fait d'accord (5),638
Représentation et mandats,4. Le référendum 4.1.	Faut-il développer l’usage du référendum en France ?,Pas du tout d'accord (1),70
Représentation et mandats,4. Le référendum 4.1.	Faut-il développer l’usage du référendum en France ?,2,99
Représentation et mandats,4. Le référendum 4.1.	Faut-il développer l’usage du référendum en France ?,3,91
Représentation et mandats,4. Le référendum 4.1.	Faut-il développer l’usage du référendum en France ?,4,226
Représentation et mandats,4. Le référendum 4.1.	Faut-il développer l’usage du référendum en France ?,Tout à fait d'accord (5),697
Représentation et mandats,4.2.	Faut-il élargir au Premier ministre la possibilité de recourir au référendum prévue par l’article 11 de la Constitution ?,Pas du tout d'accord (1),189
Représentation et mandats,4.2.	Faut-il élargir au Premier ministre la possibilité de recourir au référendum prévue par l’article 11 de la Constitution ?,2,95
Représentation et mandats,4.2.	Faut-il élargir au Premier ministre la possibilité de recourir au référendum prévue par l’article 11 de la Constitution ?,3,115
Représentation et mandats,4.2.	Faut-il élargir au Premier ministre la possibilité de recourir au référendum prévue par l’article 11 de la Constitution ?,4,269
Représentation et mandats,4.2.	Faut-il élargir au Premier ministre la possibilité de recourir au référendum prévue par l’article 11 de la Constitution ?,Tout à fait d'accord (5),507
Représentation et mandats,"4.3.	Faut-il instaurer un véritable référendum d’initiative populaire, encadré par un contrôle juridictionnel ?",Pas du tout d'accord (1),56
Représentation et mandats,"4.3.	Faut-il instaurer un véritable référendum d’initiative populaire, encadré par un contrôle juridictionnel ?",2,39
Représentation et mandats,"4.3.	Faut-il instaurer un véritable référendum d’initiative populaire, encadré par un contrôle juridictionnel ?",3,78
Représentation et mandats,"4.3.	Faut-il instaurer un véritable référendum d’initiative populaire, encadré par un contrôle juridictionnel ?",4,221
Représentation et mandats,"4.3.	Faut-il instaurer un véritable référendum d’initiative populaire, encadré par un contrôle juridictionnel ?",Tout à fait d'accord (5),783
Représentation et mandats,4.4.	Faut-il exiger un quorum de participation ?,Pas du tout d'accord (1),79
Représentation et mandats,4.4.	Faut-il exiger un quorum de participation ?,2,50
Représentation et mandats,4.4.	Faut-il exiger un quorum de participation ?,3,146
Représentation et mandats,4.4.	Faut-il exiger un quorum de participation ?,4,335
Représentation et mandats,4.4.	Faut-il exiger un quorum de participation ?,Tout à fait d'accord (5),564
Représentation et mandats,"4.5.	Faut-il élargir le champ actuel du référendum  à toutes les matières définies par l’article 34 de la Constitution, c’est-à-dire à toutes les matières législatives ?",Pas du tout d'accord (1),98
Représentation et mandats,"4.5.	Faut-il élargir le champ actuel du référendum  à toutes les matières définies par l’article 34 de la Constitution, c’est-à-dire à toutes les matières législatives ?",2,107
Représentation et mandats,"4.5.	Faut-il élargir le champ actuel du référendum  à toutes les matières définies par l’article 34 de la Constitution, c’est-à-dire à toutes les matières législatives ?",3,114
Représentation et mandats,"4.5.	Faut-il élargir le champ actuel du référendum  à toutes les matières définies par l’article 34 de la Constitution, c’est-à-dire à toutes les matières législatives ?",4,231
Représentation et mandats,"4.5.	Faut-il élargir le champ actuel du référendum  à toutes les matières définies par l’article 34 de la Constitution, c’est-à-dire à toutes les matières législatives ?",Tout à fait d'accord (5),623
Représentation et mandats,4.6.	Faut-il instaurer une procédure de référendum révocatoire ?,Pas du tout d'accord (1),165
Représentation et mandats,4.6.	Faut-il instaurer une procédure de référendum révocatoire ?,2,116
Représentation et mandats,4.6.	Faut-il instaurer une procédure de référendum révocatoire ?,3,240
Représentation et mandats,4.6.	Faut-il instaurer une procédure de référendum révocatoire ?,4,162
Représentation et mandats,4.6.	Faut-il instaurer une procédure de référendum révocatoire ?,Tout à fait d'accord (5),481
Représentation et mandats,"5. Démocratie sociale et démocratie politique 5.1.	Faut-il adosser à la Constitution une Charte sociale et économique, sur le modèle de la Charte de l’environnement ?",Pas du tout d'accord (1),258
Représentation et mandats,"5. Démocratie sociale et démocratie politique 5.1.	Faut-il adosser à la Constitution une Charte sociale et économique, sur le modèle de la Charte de l’environnement ?",2,103
Représentation et mandats,"5. Démocratie sociale et démocratie politique 5.1.	Faut-il adosser à la Constitution une Charte sociale et économique, sur le modèle de la Charte de l’environnement ?",3,226
Représentation et mandats,"5. Démocratie sociale et démocratie politique 5.1.	Faut-il adosser à la Constitution une Charte sociale et économique, sur le modèle de la Charte de l’environnement ?",4,265
Représentation et mandats,"5. Démocratie sociale et démocratie politique 5.1.	Faut-il adosser à la Constitution une Charte sociale et économique, sur le modèle de la Charte de l’environnement ?",Tout à fait d'accord (5),310
Représentation et mandats,5.2.	Faut-il renforcer la place des partenaires sociaux dans la Constitution ?,Pas du tout d'accord (1),350
Représentation et mandats,5.2.	Faut-il renforcer la place des partenaires sociaux dans la Constitution ?,2,179
Représentation et mandats,5.2.	Faut-il renforcer la place des partenaires sociaux dans la Constitution ?,3,217
Représentation et mandats,5.2.	Faut-il renforcer la place des partenaires sociaux dans la Constitution ?,4,217
Représentation et mandats,5.2.	Faut-il renforcer la place des partenaires sociaux dans la Constitution ?,Tout à fait d'accord (5),206
Représentation et mandats,5.3.	Faut-il redéfinir la place de la démocratie sociale dans la hiérarchie des normes ?,Pas du tout d'accord (1),195
Représentation et mandats,5.3.	Faut-il redéfinir la place de la démocratie sociale dans la hiérarchie des normes ?,2,98
Représentation et mandats,5.3.	Faut-il redéfinir la place de la démocratie sociale dans la hiérarchie des normes ?,3,328
Représentation et mandats,5.3.	Faut-il redéfinir la place de la démocratie sociale dans la hiérarchie des normes ?,4,257
Représentation et mandats,5.3.	Faut-il redéfinir la place de la démocratie sociale dans la hiérarchie des normes ?,Tout à fait d'accord (5),266
Représentation et mandats,5.4.	Faut-il généraliser le système du « chèque syndical » ?,Pas du tout d'accord (1),315
Représentation et mandats,5.4.	Faut-il généraliser le système du « chèque syndical » ?,2,118
Représentation et mandats,5.4.	Faut-il généraliser le système du « chèque syndical » ?,3,515
Représentation et mandats,5.4.	Faut-il généraliser le système du « chèque syndical » ?,4,107
Représentation et mandats,5.4.	Faut-il généraliser le système du « chèque syndical » ?,Tout à fait d'accord (5),79
Représentation et mandats,5.5.	Faut-il rendre incitative l’adhésion à un syndicat (« syndicat de service ») ?,Pas du tout d'accord (1),374
Représentation et mandats,5.5.	Faut-il rendre incitative l’adhésion à un syndicat (« syndicat de service ») ?,2,113
Représentation et mandats,5.5.	Faut-il rendre incitative l’adhésion à un syndicat (« syndicat de service ») ?,3,229
Représentation et mandats,5.5.	Faut-il rendre incitative l’adhésion à un syndicat (« syndicat de service ») ?,4,237
Représentation et mandats,5.5.	Faut-il rendre incitative l’adhésion à un syndicat (« syndicat de service ») ?,Tout à fait d'accord (5),207
Représentation et mandats,5.6.	Faut-il rendre obligatoire l’adhésion à un syndicat ?,Pas du tout d'accord (1),733
Représentation et mandats,5.6.	Faut-il rendre obligatoire l’adhésion à un syndicat ?,2,135
Représentation et mandats,5.6.	Faut-il rendre obligatoire l’adhésion à un syndicat ?,3,117
Représentation et mandats,5.6.	Faut-il rendre obligatoire l’adhésion à un syndicat ?,4,87
Représentation et mandats,5.6.	Faut-il rendre obligatoire l’adhésion à un syndicat ?,Tout à fait d'accord (5),101
L'Europe,"1.	Faut-il organiser en amont et éventuellement en aval des conseils européens des chefs d’État et de Gouvernement, une séance de questions / réponses à l’Assemblé nationale avec le Président de la République ?",Pas du tout d'accord (1),155
L'Europe,"1.	Faut-il organiser en amont et éventuellement en aval des conseils européens des chefs d’État et de Gouvernement, une séance de questions / réponses à l’Assemblé nationale avec le Président de la République ?",2,66
L'Europe,"1.	Faut-il organiser en amont et éventuellement en aval des conseils européens des chefs d’État et de Gouvernement, une séance de questions / réponses à l’Assemblé nationale avec le Président de la République ?",3,128
L'Europe,"1.	Faut-il organiser en amont et éventuellement en aval des conseils européens des chefs d’État et de Gouvernement, une séance de questions / réponses à l’Assemblé nationale avec le Président de la République ?",4,349
L'Europe,"1.	Faut-il organiser en amont et éventuellement en aval des conseils européens des chefs d’État et de Gouvernement, une séance de questions / réponses à l’Assemblé nationale avec le Président de la République ?",Tout à fait d'accord (5),615
L'Europe,2.	Faut-il organiser une séance mensuelle obligatoire à l’Assemblé nationale de questions au Gouvernement consacrée aux affaires européennes ?,Pas du tout d'accord (1),72
L'Europe,2.	Faut-il organiser une séance mensuelle obligatoire à l’Assemblé nationale de questions au Gouvernement consacrée aux affaires européennes ?,2,38
L'Europe,2.	Faut-il organiser une séance mensuelle obligatoire à l’Assemblé nationale de questions au Gouvernement consacrée aux affaires européennes ?,3,97
L'Europe,2.	Faut-il organiser une séance mensuelle obligatoire à l’Assemblé nationale de questions au Gouvernement consacrée aux affaires européennes ?,4,331
L'Europe,2.	Faut-il organiser une séance mensuelle obligatoire à l’Assemblé nationale de questions au Gouvernement consacrée aux affaires européennes ?,Tout à fait d'accord (5),782
La justice,1. L’indépendance de la justice 1.1.	Faut-il réviser la Constitution pour consacrer la justice comme pouvoir ?,Pas du tout d'accord (1),179
La justice,1. L’indépendance de la justice 1.1.	Faut-il réviser la Constitution pour consacrer la justice comme pouvoir ?,2,93
La justice,1. L’indépendance de la justice 1.1.	Faut-il réviser la Constitution pour consacrer la justice comme pouvoir ?,3,148
La justice,1. L’indépendance de la justice 1.1.	Faut-il réviser la Constitution pour consacrer la justice comme pouvoir ?,4,199
La justice,1. L’indépendance de la justice 1.1.	Faut-il réviser la Constitution pour consacrer la justice comme pouvoir ?,Tout à fait d'accord (5),424
La justice,1.2.	Faut-il inscrire dans la Constitution que le Conseil supérieur de la magistrature (CSM) est garant de l’indépendance de l’autorité judiciaire ?,Pas du tout d'accord (1),130
La justice,1.2.	Faut-il inscrire dans la Constitution que le Conseil supérieur de la magistrature (CSM) est garant de l’indépendance de l’autorité judiciaire ?,2,61
La justice,1.2.	Faut-il inscrire dans la Constitution que le Conseil supérieur de la magistrature (CSM) est garant de l’indépendance de l’autorité judiciaire ?,3,135
La justice,1.2.	Faut-il inscrire dans la Constitution que le Conseil supérieur de la magistrature (CSM) est garant de l’indépendance de l’autorité judiciaire ?,4,212
La justice,1.2.	Faut-il inscrire dans la Constitution que le Conseil supérieur de la magistrature (CSM) est garant de l’indépendance de l’autorité judiciaire ?,Tout à fait d'accord (5),501
La justice,1.3.	Faut-il consacrer dans la Constitution l’indépendance et l’impartialité de la Justice ?,Pas du tout d'accord (1),44
La justice,1.3.	Faut-il consacrer dans la Constitution l’indépendance et l’impartialité de la Justice ?,2,18
La justice,1.3.	Faut-il consacrer dans la Constitution l’indépendance et l’impartialité de la Justice ?,3,61
La justice,1.3.	Faut-il consacrer dans la Constitution l’indépendance et l’impartialité de la Justice ?,4,178
La justice,1.3.	Faut-il consacrer dans la Constitution l’indépendance et l’impartialité de la Justice ?,Tout à fait d'accord (5),749
La justice,1.4.	Faut-il faire évoluer la composition du CSM pour que les magistrats redeviennent plus nombreux que les personnalités qualifiées ?,Pas du tout d'accord (1),91
La justice,1.4.	Faut-il faire évoluer la composition du CSM pour que les magistrats redeviennent plus nombreux que les personnalités qualifiées ?,2,82
La justice,1.4.	Faut-il faire évoluer la composition du CSM pour que les magistrats redeviennent plus nombreux que les personnalités qualifiées ?,3,283
La justice,1.4.	Faut-il faire évoluer la composition du CSM pour que les magistrats redeviennent plus nombreux que les personnalités qualifiées ?,4,231
La justice,1.4.	Faut-il faire évoluer la composition du CSM pour que les magistrats redeviennent plus nombreux que les personnalités qualifiées ?,Tout à fait d'accord (5),337
La justice,1.5.	Faut-il que le CSM soit composé d’autant de magistrats que de personnalités qualifiées ?,Pas du tout d'accord (1),124
La justice,1.5.	Faut-il que le CSM soit composé d’autant de magistrats que de personnalités qualifiées ?,2,128
La justice,1.5.	Faut-il que le CSM soit composé d’autant de magistrats que de personnalités qualifiées ?,3,340
La justice,1.5.	Faut-il que le CSM soit composé d’autant de magistrats que de personnalités qualifiées ?,4,187
La justice,1.5.	Faut-il que le CSM soit composé d’autant de magistrats que de personnalités qualifiées ?,Tout à fait d'accord (5),228
La justice,1.6.	Faut-il que les membres du CSM soient désignés à la majorité des 3/5 par les commissions des lois des deux assemblées ?,Pas du tout d'accord (1),129
La justice,1.6.	Faut-il que les membres du CSM soient désignés à la majorité des 3/5 par les commissions des lois des deux assemblées ?,2,84
La justice,1.6.	Faut-il que les membres du CSM soient désignés à la majorité des 3/5 par les commissions des lois des deux assemblées ?,3,309
La justice,1.6.	Faut-il que les membres du CSM soient désignés à la majorité des 3/5 par les commissions des lois des deux assemblées ?,4,255
La justice,1.6.	Faut-il que les membres du CSM soient désignés à la majorité des 3/5 par les commissions des lois des deux assemblées ?,Tout à fait d'accord (5),228
La justice,1.7.	Faut-il renforcer les compétences du CSM en lui donnant le pouvoir de nommer tous les magistrats du siège ?,Pas du tout d'accord (1),150
La justice,1.7.	Faut-il renforcer les compétences du CSM en lui donnant le pouvoir de nommer tous les magistrats du siège ?,2,115
La justice,1.7.	Faut-il renforcer les compétences du CSM en lui donnant le pouvoir de nommer tous les magistrats du siège ?,3,285
La justice,1.7.	Faut-il renforcer les compétences du CSM en lui donnant le pouvoir de nommer tous les magistrats du siège ?,4,244
La justice,1.7.	Faut-il renforcer les compétences du CSM en lui donnant le pouvoir de nommer tous les magistrats du siège ?,Tout à fait d'accord (5),212
La justice,1.8.	Faut-il que les magistrats du parquet soient nommés sur proposition du garde des Sceaux mais avec avis conforme du CSM ?,Pas du tout d'accord (1),164
La justice,1.8.	Faut-il que les magistrats du parquet soient nommés sur proposition du garde des Sceaux mais avec avis conforme du CSM ?,2,86
La justice,1.8.	Faut-il que les magistrats du parquet soient nommés sur proposition du garde des Sceaux mais avec avis conforme du CSM ?,3,206
La justice,1.8.	Faut-il que les magistrats du parquet soient nommés sur proposition du garde des Sceaux mais avec avis conforme du CSM ?,4,287
La justice,1.8.	Faut-il que les magistrats du parquet soient nommés sur proposition du garde des Sceaux mais avec avis conforme du CSM ?,Tout à fait d'accord (5),275
La justice,1.9.	Faut-il créer un ordre des juridictions sociales à côté des juridictions judiciaires et administratives ? ,Pas du tout d'accord (1),235
La justice,1.9.	Faut-il créer un ordre des juridictions sociales à côté des juridictions judiciaires et administratives ? ,2,98
La justice,1.9.	Faut-il créer un ordre des juridictions sociales à côté des juridictions judiciaires et administratives ? ,3,243
La justice,1.9.	Faut-il créer un ordre des juridictions sociales à côté des juridictions judiciaires et administratives ? ,4,223
La justice,1.9.	Faut-il créer un ordre des juridictions sociales à côté des juridictions judiciaires et administratives ? ,Tout à fait d'accord (5),208
La justice,"1.10.	Faut-il autoriser, au CSM, la publication des opinions dissidentes ?",Pas du tout d'accord (1),83
La justice,"1.10.	Faut-il autoriser, au CSM, la publication des opinions dissidentes ?",2,48
La justice,"1.10.	Faut-il autoriser, au CSM, la publication des opinions dissidentes ?",3,193
La justice,"1.10.	Faut-il autoriser, au CSM, la publication des opinions dissidentes ?",4,290
La justice,"1.10.	Faut-il autoriser, au CSM, la publication des opinions dissidentes ?",Tout à fait d'accord (5),401
La justice,2. Le Conseil constitutionnel 2.1. Faut-il soumettre les nominations au Conseil constitutionnel à une approbation à la majorité simple par la commission compétente ?,Pas du tout d'accord (1),183
La justice,2. Le Conseil constitutionnel 2.1. Faut-il soumettre les nominations au Conseil constitutionnel à une approbation à la majorité simple par la commission compétente ?,2,117
La justice,2. Le Conseil constitutionnel 2.1. Faut-il soumettre les nominations au Conseil constitutionnel à une approbation à la majorité simple par la commission compétente ?,3,253
La justice,2. Le Conseil constitutionnel 2.1. Faut-il soumettre les nominations au Conseil constitutionnel à une approbation à la majorité simple par la commission compétente ?,4,229
La justice,2. Le Conseil constitutionnel 2.1. Faut-il soumettre les nominations au Conseil constitutionnel à une approbation à la majorité simple par la commission compétente ?,Tout à fait d'accord (5),217
La justice,2.2. Faut-il soumettre les nominations au Conseil constitutionnel à une approbation aux 3/5 des voix par la commission compétente ?,Pas du tout d'accord (1),136
La justice,2.2. Faut-il soumettre les nominations au Conseil constitutionnel à une approbation aux 3/5 des voix par la commission compétente ?,2,97
La justice,2.2. Faut-il soumettre les nominations au Conseil constitutionnel à une approbation aux 3/5 des voix par la commission compétente ?,3,264
La justice,2.2. Faut-il soumettre les nominations au Conseil constitutionnel à une approbation aux 3/5 des voix par la commission compétente ?,4,218
La justice,2.2. Faut-il soumettre les nominations au Conseil constitutionnel à une approbation aux 3/5 des voix par la commission compétente ?,Tout à fait d'accord (5),276
La justice,2.3.	Faut-il mettre fin à la présence au Conseil des anciens Présidents de la République ?,Pas du tout d'accord (1),121
La justice,2.3.	Faut-il mettre fin à la présence au Conseil des anciens Présidents de la République ?,2,85
La justice,2.3.	Faut-il mettre fin à la présence au Conseil des anciens Présidents de la République ?,3,53
La justice,2.3.	Faut-il mettre fin à la présence au Conseil des anciens Présidents de la République ?,4,94
La justice,2.3.	Faut-il mettre fin à la présence au Conseil des anciens Présidents de la République ?,Tout à fait d'accord (5),685
La justice,2.4.	Faut-il exiger des candidats aux fonctions de membre du Conseil constitutionnel une compétence juridique ?,Pas du tout d'accord (1),94
La justice,2.4.	Faut-il exiger des candidats aux fonctions de membre du Conseil constitutionnel une compétence juridique ?,2,99
La justice,2.4.	Faut-il exiger des candidats aux fonctions de membre du Conseil constitutionnel une compétence juridique ?,3,96
La justice,2.4.	Faut-il exiger des candidats aux fonctions de membre du Conseil constitutionnel une compétence juridique ?,4,254
La justice,2.4.	Faut-il exiger des candidats aux fonctions de membre du Conseil constitutionnel une compétence juridique ?,Tout à fait d'accord (5),491
La justice,"2.5.	Faut-il autoriser, au Conseil constitutionnel, la publication des opinions dissidentes ?",Pas du tout d'accord (1),99
La justice,"2.5.	Faut-il autoriser, au Conseil constitutionnel, la publication des opinions dissidentes ?",2,52
La justice,"2.5.	Faut-il autoriser, au Conseil constitutionnel, la publication des opinions dissidentes ?",3,98
La justice,"2.5.	Faut-il autoriser, au Conseil constitutionnel, la publication des opinions dissidentes ?",4,265
La justice,"2.5.	Faut-il autoriser, au Conseil constitutionnel, la publication des opinions dissidentes ?",Tout à fait d'accord (5),519
La justice,2.6.	Faut-il faire du Conseil constitutionnel une « Cour constitutionnelle » ?,Pas du tout d'accord (1),140
La justice,2.6.	Faut-il faire du Conseil constitutionnel une « Cour constitutionnelle » ?,2,83
La justice,2.6.	Faut-il faire du Conseil constitutionnel une « Cour constitutionnelle » ?,3,213
La justice,2.6.	Faut-il faire du Conseil constitutionnel une « Cour constitutionnelle » ?,4,222
La justice,2.6.	Faut-il faire du Conseil constitutionnel une « Cour constitutionnelle » ?,Tout à fait d'accord (5),363
La justice,3. La responsabilité de l’exécutif  3.1.	Faut-il mettre un terme à l’inviolabilité dont jouit le Président de la République ?,Pas du tout d'accord (1),173
La justice,3. La responsabilité de l’exécutif  3.1.	Faut-il mettre un terme à l’inviolabilité dont jouit le Président de la République ?,2,126
La justice,3. La responsabilité de l’exécutif  3.1.	Faut-il mettre un terme à l’inviolabilité dont jouit le Président de la République ?,3,68
La justice,3. La responsabilité de l’exécutif  3.1.	Faut-il mettre un terme à l’inviolabilité dont jouit le Président de la République ?,4,184
La justice,3. La responsabilité de l’exécutif  3.1.	Faut-il mettre un terme à l’inviolabilité dont jouit le Président de la République ?,Tout à fait d'accord (5),506
La justice,3.2.	Faut-il supprimer la Cour de justice de la République pour les membres du Gouvernement ?,Pas du tout d'accord (1),355
La justice,3.2.	Faut-il supprimer la Cour de justice de la République pour les membres du Gouvernement ?,2,127
La justice,3.2.	Faut-il supprimer la Cour de justice de la République pour les membres du Gouvernement ?,3,120
La justice,3.2.	Faut-il supprimer la Cour de justice de la République pour les membres du Gouvernement ?,4,109
La justice,3.2.	Faut-il supprimer la Cour de justice de la République pour les membres du Gouvernement ?,Tout à fait d'accord (5),338
